"Item","Quantity","Specification","Assembly notes"
"J_PI","1","Unshrouded 2x20 male header, 2.54 mm pitch","Fit on bottom; match silkscreen pin 1"
"J_BAT","1","1x3 male header, 2.54 mm pitch; battery harness rated at least 3 A","Bottom; pin 1 battery positive, 2 negative, 3 NTC"
"J_OFF, J_SPEAKER","2","1x2 male header, 2.54 mm pitch","Fit on bottom; speaker outputs are both driven"
"Linux host","1","Raspberry Pi Zero 2 W with populated GPIO header","Complete external module; insulating M2.5 standoffs"
"GPIO cable","1","Straight-through 40-wire female-to-female GPIO ribbon","Pin 1 to pin 1; preserve both pin rows"
"Display","1","Waveshare 3.5inch Capacitive Touch LCD, ST7796S + FT6336U","18-pin 0.5 mm FPC host port; use custom GPIO assignments"
"Display cable","1","18-conductor 0.5 mm pitch, 0.3 mm thick FFC","Choose contact sides for both connectors; verify pin-1 continuity"
"Battery","1","Protected 1S 4.2 V Li-ion/LiPo with attached 10 kOhm 103AT-2-compatible NTC","NTC returns to battery negative; harness rated at least 3 A"
"Speaker","1","8 Ohm, at least 2 W","Connect between J_SPEAKER pins 1 and 2"
"Off switch","1","External SPST slide switch","Closing J_OFF disables the boost; shut Linux down first"
"Pi mounting hardware","4","Insulating M2.5 nylon screws and standoffs","Choose height to clear the Pi connectors and carrier components"
