"Comment","Designator","Footprint","LCSC Part #"
"MAX98357AETE+T","U_AUDIO","TQFN-16-EP(3x3)","C910544"
"100nF","C_AUDIO_HF,C_GAUGE,C_USB_ESD,C_KEYS","0603","C14663"
"10uF","C_AUDIO_BULK,C_BAT,C_SYS,C_BOOST_IN,C_KEYS_BULK","0805","C15850"
"1kΩ","R_AUDIO_EN","0603","C21190"
"100kΩ","R_AUDIO_PD,R_EN,R_FB_LO,R_CHG_PULL,R_GOOD_PULL,R_ALERT_PULL,R_USB_EN1,R_USB_EN2","0603","C25803"
"TYPE-C-31-M-12","J_USB","TYPE-C-31-M-12","C165948"
"BQ24074RGTR","U_CHARGE","QFN-16-EP(3x3)","C54313"
"TPS61023DRLR","U_BOOST","SOT-563","C919459"
"WPN252012E1R0MT","L_BOOST","1008","C370610"
"5.1kΩ","R_CC1,R_CC2","0603","C23186"
"3.3kΩ","R_ISET,R_ILIM","0603","C22978"
"68kΩ","R_TIMER","0603","C23231"
"732kΩ","R_FB_HI","0603","C23239"
"1uF","C_USB,C_LCD_IN,C_LCD_OUT","0603","C15849"
"22uF","C_BOOST_OUT1,C_BOOST_OUT2","1206","C12891"
"220pF","C_FEEDFORWARD","0603","C1603"
"MAX17048G+T10","U_GAUGE","DFN-8-EP(2x2)","C2682616"
"USBLC6-2SC6","U_USB_ESD","SOT-23-6","C7519"
"FPC-05F-18PH20","J_LCD","FPC-0.5-18P","C2856802"
"AP2112K-3.3TRG1","U_LCD_PWR","SOT-25-5","C51118"
"MCP23017-E/SO","U_KEYS","SOIC-28","C47023"
"10kΩ","R_RESET","0603","C25804"
"TS-1187A-B-A-B","SW_UP,SW_DOWN,SW_LEFT,SW_RIGHT,SW_A,SW_B,SW_X,SW_Y,SW_SELECT,SW_START,SW_MENU","SMD-4P","C318884"
