Designator,Mid X,Mid Y,Layer,Rotation
U_AUDIO,67.000,74.000,top,0
C_AUDIO_HF,70.650,74.500,top,0
C_AUDIO_BULK,71.000,71.000,top,0
R_AUDIO_EN,69.000,69.000,top,0
R_AUDIO_PD,65.000,69.000,top,0
J_USB,75.000,119.025,top,180
U_CHARGE,69.000,104.000,top,0
U_BOOST,60.000,111.000,top,0
L_BOOST,56.000,111.000,top,0
R_CC1,77.000,113.000,top,0
R_CC2,73.000,113.000,top,180
R_ISET,64.000,102.000,top,180
R_ILIM,76.500,105.000,top,0
R_TIMER,69.000,109.000,top,0
R_EN,62.500,115.000,top,0
R_FB_HI,65.500,109.000,top,180
R_FB_LO,65.500,107.000,top,0
R_CHG_PULL,75.000,92.000,top,0
R_GOOD_PULL,75.000,89.000,top,0
R_ALERT_PULL,83.000,77.000,top,0
C_USB,72.000,107.100,top,0
C_BAT,64.500,104.000,top,180
C_SYS,73.000,103.900,top,0
C_BOOST_IN,63.200,111.500,top,0
C_BOOST_OUT1,56.500,108.250,top,180
C_BOOST_OUT2,56.500,105.000,top,180
C_FEEDFORWARD,67.000,112.000,top,180
C_GAUGE,80.000,76.500,top,180
U_GAUGE,82.000,80.000,top,0
U_USB_ESD,83.000,112.500,top,90
C_USB_ESD,79.000,110.000,top,0
R_USB_EN1,58.000,81.000,top,0
R_USB_EN2,58.000,78.000,top,0
J_LCD,16.200,82.000,top,90
U_LCD_PWR,15.000,62.000,top,180
C_LCD_IN,11.000,65.000,top,180
C_LCD_OUT,11.000,59.000,top,180
U_KEYS,50.000,54.000,top,0
R_RESET,44.000,63.000,top,0
C_KEYS,52.730,46.500,top,0
C_KEYS_BULK,43.000,45.000,top,180
SW_UP,26.000,43.000,top,0
SW_DOWN,26.000,23.000,top,0
SW_LEFT,16.000,33.000,top,0
SW_RIGHT,36.000,33.000,top,0
SW_A,84.000,33.000,top,0
SW_B,74.000,23.000,top,0
SW_X,74.000,43.000,top,0
SW_Y,64.000,33.000,top,0
SW_SELECT,38.000,10.000,top,0
SW_START,62.000,10.000,top,0
SW_MENU,50.000,20.000,top,0